{"cameraMode":{"drawMode":0,"name":"Shaded","section":"Shading Mode"},"sceneLighting":false,"audioPlay":false,"sceneViewState":{"m_AlwaysRefresh":false,"showFog":true,"showSkybox":false,"showFlares":true,"showImageEffects":true,"showParticleSystems":true,"showVisualEffectGraphs":true,"m_FxEnabled":true},"in2DMode":false,"pivot":{"x":-8.50429916381836,"y":4.052147388458252,"z":16.531742095947267},"rotation":{"x":-0.001166670466773212,"y":-0.6272549033164978,"z":0.0009429327328689396,"w":-0.7788224816322327},"size":0.9202088117599487,"orthographic":false}