{"cameraMode":{"drawMode":0,"name":"Shaded","section":"Shading Mode"},"sceneLighting":false,"audioPlay":false,"sceneViewState":{"m_AlwaysRefresh":false,"showFog":true,"showSkybox":false,"showFlares":true,"showImageEffects":true,"showParticleSystems":true,"showVisualEffectGraphs":true,"m_FxEnabled":true},"in2DMode":false,"pivot":{"x":0.014000000432133675,"y":5.183000087738037,"z":1.4809999465942383},"rotation":{"x":0.19085198640823365,"y":0.3394019603729248,"z":-0.0705324187874794,"w":0.918374240398407},"size":1.4264180660247803,"orthographic":true}