{"cameraMode":{"drawMode":0,"name":"Shaded","section":"Shading Mode"},"sceneLighting":true,"audioPlay":false,"sceneViewState":{"m_AlwaysRefresh":false,"showFog":true,"showSkybox":true,"showFlares":true,"showImageEffects":true,"showParticleSystems":true,"showVisualEffectGraphs":true,"m_FxEnabled":true},"in2DMode":false,"pivot":{"x":-0.031835515052080157,"y":3.0219788551330568,"z":0.1703999638557434},"rotation":{"x":0.02399643138051033,"y":-0.010496818460524083,"z":0.00025196984643116593,"w":0.9996590614318848},"size":0.2782808244228363,"orthographic":false}