{"cameraMode":{"drawMode":0,"name":"Shaded","section":"Shading Mode"},"sceneLighting":true,"audioPlay":false,"sceneViewState":{"m_AlwaysRefresh":false,"showFog":true,"showSkybox":true,"showFlares":true,"showImageEffects":true,"showParticleSystems":true,"showVisualEffectGraphs":true,"m_FxEnabled":true},"in2DMode":false,"pivot":{"x":-0.40521275997161868,"y":4.317461967468262,"z":0.03999999165534973},"rotation":{"x":-0.10215642303228378,"y":0.5211060047149658,"z":-0.0629984512925148,"w":-0.8450120091438294},"size":1.3405120372772217,"orthographic":false}