{"cameraMode":{"drawMode":0,"name":"Shaded","section":"Shading Mode"},"sceneLighting":true,"audioPlay":false,"sceneViewState":{"m_AlwaysRefresh":false,"showFog":true,"showSkybox":true,"showFlares":true,"showImageEffects":true,"showParticleSystems":true,"showVisualEffectGraphs":true,"m_FxEnabled":true},"in2DMode":false,"pivot":{"x":0.08352607488632202,"y":3.6941258907318117,"z":0.03999999165534973},"rotation":{"x":0.08390141278505326,"y":-0.0011999132111668587,"z":0.0001009477928164415,"w":0.99647456407547},"size":0.9535746574401856,"orthographic":false}