{"cameraMode":{"drawMode":0,"name":"Shaded","section":"Shading Mode"},"sceneLighting":false,"audioPlay":false,"sceneViewState":{"m_AlwaysRefresh":false,"showFog":true,"showSkybox":false,"showFlares":true,"showImageEffects":true,"showParticleSystems":true,"showVisualEffectGraphs":true,"m_FxEnabled":true},"in2DMode":false,"pivot":{"x":-8.374746322631836,"y":3.2879180908203127,"z":16.982147216796876},"rotation":{"x":0.27114585041999819,"y":0.33769866824150088,"z":-0.10224740207195282,"w":0.8955382704734802},"size":12.792566299438477,"orthographic":true}