{"cameraMode":{"drawMode":0,"name":"Shaded","section":"Shading Mode"},"sceneLighting":false,"audioPlay":false,"sceneViewState":{"m_AlwaysRefresh":false,"showFog":true,"showSkybox":false,"showFlares":true,"showImageEffects":true,"showParticleSystems":true,"showVisualEffectGraphs":true,"m_FxEnabled":true},"in2DMode":false,"pivot":{"x":-16.49129867553711,"y":12.426044464111329,"z":16.280000686645509},"rotation":{"x":0.01088893972337246,"y":0.9876571297645569,"z":0.13415010273456574,"w":-0.08017632365226746},"size":88.24559783935547,"orthographic":true}